Street,Count
Main Street,7
Salah Al-Din Street,5
Al-Quds Street,5
Eastern Street,4
Main Road,3
Camp Main Street,3
Beach Road,2
Northern Street,2
Main Camp Street,2
Market Street,2
Al-Masriyeen Street,1
Al-Ghoul Street,1
Al-Qarm Street,1
Al-Mashroo Street,1
Al-Sikka Street,1
Al-Faluja Street,1
Al-Kafarna Street,1
Al-Masri Street,1
Sultan Abdul Hamid Street,1
Omar Al-Mukhtar Street,1
Al-Jala Street,1
Al-Wehda Street,1
Al-Thawra Street,1
Al-Shati Main Street,1
Al-Mansoura Street,1
Al-Wihda Street,1
Al-Yarmouk Street,1
Abu Obeidah Street,1
Zimmo Street,1
Al-Atatra Main Street,1
Beit Lahia Road,1
Al-Nazla Main Street,1
Al-Muntar Street,1
Nazzaz Street,1
Al-Qahira Street,1
Al-Shabora Street,1
Tariq Ibn Ziyad Street,1
Agricultural Road,1
8th Street,1
Al-Sana Street,1
Block 1 Street,1
Al-Baraka Street,1
Block 2 Street,1
Block Street,1
Al-Shamal Street,1
Al-Janoub Street,1
Jamal Abdul Nasser Street,1
Al-Amal Street,1
Al-Bahar Street,1
Al-Qassam Street,1
Ma'an Main Street,1
Western Street,1
Eastern Market Street,1
School Street,1
Eastern Border Road,1
Block O Street,1
Al-Jnina Main Street,1
Al-Awda Street,1
Sultan Street,1
Al-Salam Street,1
Al-Shabora Main Street,1
Brazil Main Street,1
Border Street,1
Eastern Road,1
